nombre,apellido,fecha,genero,usuario,password,especialidad,telefono
Luisa,Ortiz,28/02/2000,F,uoyley0,LITE7lj,Pediatria,20275367
Verla,Hanmore,07/08/1999,F,vhanmore1,D68UEgXEk,Virologia,62755945
Vivyan,Ouchterlony,11/09/2020,F,vouchterlony2,b5YxWyhZZX,Neurocirugia,24250228
Chryste,McCraine,28/01/2009,F,cmccraine3,3thVpW,Ginecologia,12639729
Robb,Smurfit,07/11/2010,M,rsmurfit4,RoDXsjxf9N,Cardiologia,48915470
Faunie,Benedicte,27/12/2015,F,fbenedicte5,hh684Zo9G,Cirugia General,58217457
Melodee,Berthel,17/04/2019,F,mberthel6,6tcYUuvl,Dermagologia,65228889
Corabelle,McCague,01/08/2011,F,cmccague7,kles8j4,Endoscopia,74523541
Keeley,De-Ville,27/10/2009,F,kdeville8,OTZCV43tT,Gastroenterologia,55318044
Donavon,Kauscher,29/01/2006,M,dkauscher9,i29SqTzX,Obstetricia,99649960
Gunther,Caroline,28/05/1998,M,gcarolinea,Sy6mR9,Hematologia,65534997
Zaneta,Olohan,18/11/2012,F,zolohanb,VaSOZ3,Infectologia,85903021
Augusta,Neaverson,25/12/2003,F,aneaversonc,yaeUa92,Medicina Interna,92179695
Jourdan,Clow,08/07/2012,F,jclowd,j6SVBD,Urologia,39532600
Efren,Medeway,18/05/2010,M,emedewaye,kQCRapuk,Nefrologia,34103261
Osmund,Stockow,30/08/2003,M,ostockowf,sSVvqLpTNQJa,Neurologia,14920302
Melosa,Vint,06/09/2001,F,mvintg,D1Jt0ntkl,Oftalmologia,94454808
Jessamine,Edbrooke,07/08/2017,F,jedbrookeh,oNUGTsJgrS,Otorrinolaringologia,16687967
Cully,Gillbey,29/06/2010,M,cgillbeyi,nIxixQoKnDT,Psiquiatria,77096443
Trev,Krol,22/03/1998,M,tkrolj,K8EIyqN,Oncologia,50627073
