nombre,precio,descripcion,cantidad
Viva CT,165.37,Grass-roots eco-centric application,53
Cyclobenzaprine Hydrochloride,146.03,Operative composite software,63
NOSMO KING,241.72,Cloned 4th generation project,89
STANDARDIZED SWEET VERNAL GRASS POLLEN,303.06,Phased system-worthy project,43
Pronto Plus,137.52,Total exuding time-frame,57
Hydralazine Hydrochloride,195.99,Implemented zero defect workforce,6
Fexofenadine Hydrochloride,184.23,Focused static encoding,82
SyGest,396.69,Reactive fault-tolerant toolset,42
Lyrica,359.06,Robust composite task-force,20
ABILIFY,275.21,Public-key reciprocal info-mediaries,19
Terazol 3,101.85,Profit-focused multimedia toolset,53
UP and UP,265.9,Streamlined attitude-oriented knowledge user,21
Zaditor,141.34,Grass-roots homogeneous paradigm,94
Antacid Mint,105.51,Optional explicit utilisation,23
LEVOTHYROXINE SODIUM,191.9,Persevering holistic support,57
VIVARIN,196.63,Future-proofed systemic function,76
LBEL MAXIMUM COMFORT AND LONG-LASTING FOUNDATION SPF 10,65.77,Multi-tiered exuding portal,61
Lidocaine Hydrochloride and Epinephrine,156.99,Streamlined bifurcated implementation,30
CARISOPRODOL,288.08,Focused cohesive groupware,70
CLADOSPORIUM SPHAEROSPERMUM,177.08,Persevering foreground moderator,29
Daily Moisturizing,303.36,Cloned clear-thinking local area network,48
XULANE,150.82,Team-oriented optimal superstructure,49
ELYMUS REPENS POLLEN,199.02,Function-based disintermediate structure,98
The Original Mane n Tail Daily Control Anti Dandruff Conditioner,146.32,Expanded mobile solution,35
Probenecid,200.21,Streamlined motivating extranet,71
Cefazolin,83.39,Implemented dynamic internet solution,41
preferred plus nicotine,136.15,Cross-platform user-facing hardware,31
Nifedipine,185.71,Organic human-resource model,52
DECAVAC,171.09,Reduced systematic strategy,34
Pure Finish Mineral Powder Foundation SPF 20 Pure Finish 1,237.21,Operative leading edge archive,44
Rimmel London,299.44,Pre-emptive directional model,39
Aspirin,253.31,Streamlined zero defect focus group,93
Cold-EEZE,144.73,Multi-tiered dedicated hub,86
"Food - Fish and Shellfish, Lobster Homarus americanus",147.88,Focused heuristic attitude,87
Citalopram Hydrobromide,93.93,Monitored reciprocal attitude,85
CVS Anti-Itch Hydrocortisone,122.58,Synergistic global knowledge base,74
glipizide,211.36,Grass-roots asymmetric contingency,64
Amlodipine Besylate and Benazepril Hydrochloride,360.16,Future-proofed responsive application,8
ibuprofen,92.65,Object-based human-resource orchestration,64
TRICHOPHYTON MENTAGROPHYTES,214.87,Synergized responsive hardware,70
Berberis Urtica,279.88,Up-sized bifurcated knowledge base,36
Gyne-Lotrimin 7,251.17,Managed modular hardware,32
mally Face Defender Foundation,152.6,Stand-alone foreground process improvement,48
ACD,233.41,Down-sized interactive circuit,31
secure,391.82,Face to face bifurcated orchestration,38
Gelato APF,282.96,Proactive impactful contingency,23
Equetro,155.97,Customizable system-worthy strategy,76
Divalproex Sodium,181.9,Fully-configurable mission-critical portal,5
Soft Cheat Brome,95.58,Seamless regional open system,69
Diltiazem Hydrochloride,109.68,Team-oriented dynamic leverage,9
Lisinopril,53.42,Horizontal client-server process improvement,40
Adidas,178.74,Vision-oriented systematic open architecture,84
Oxygen-Nitrogen Mixture,63.82,Seamless eco-centric architecture,60
Alprazolam,128.25,Stand-alone contextually-based focus group,34
Good Neighbor Pharmacy Nicotine,68.77,Persevering analyzing customer loyalty,47
Black Walnut,216.34,Inverse mission-critical adapter,69
Blistex,395.06,User-centric optimizing strategy,24
Sally Hansen Cracked Heel Repair Creme,362.3,Networked impactful implementation,38
Fosinopril Sodium,232.87,Enterprise-wide fresh-thinking algorithm,53
Balmex Diaper Rash,108.88,Exclusive global functionalities,44
Propranolol Hydrochloride,394.25,Realigned content-based definition,72
INSTANT HAND SANITIZER,333.24,Networked actuating hub,44
Mestinon,398.83,Innovative high-level customer loyalty,73
Axe,153.07,Organized zero tolerance migration,27
Interarticular Joint Kit,334.61,Persevering high-level installation,35
Depo-Medrol,310.73,Up-sized executive hardware,79
Sodium Chloride,142.6,Sharable multi-state monitoring,10
Histamin,171.05,Optimized context-sensitive matrices,19
Conceptrol,216.4,Profit-focused 4th generation artificial intelligence,21
DELFLEX,339.61,Ergonomic asymmetric productivity,5
Bupropion Hydrochloride,242.54,Cloned needs-based concept,16
Carvedilol,168.34,Persevering exuding productivity,78
Allergy and Sinus Headache,76.57,User-friendly maximized matrices,4
MAPAP,171.0,Customer-focused directional toolset,98
Nicotine,324.19,Enterprise-wide hybrid system engine,72
ARTHROTEC,146.53,Managed even-keeled approach,50
Acetaminophen and Codeine Phosphate,229.61,Exclusive bi-directional encryption,54
hydroxyzine pamoate,139.72,Visionary static product,7
benzonatate,93.55,Universal hybrid capacity,54
Menopause,286.46,Robust zero defect forecast,99
Belucie Luxury Timeless Golden Age Day,237.73,Optional bandwidth-monitored analyzer,7
Fluticasone Propionate,304.68,Diverse homogeneous structure,24
Zodryl AC 80,247.63,Automated multi-tasking installation,81
Amitriptyline Hydrochloride,163.62,Multi-lateral needs-based encryption,5
Hydrochlorothiazide,177.53,Expanded leading edge circuit,57
Omeprazole,342.21,Operative impactful hierarchy,34
Fluconazole,151.01,Diverse bifurcated synergy,23
Acetylcysteine,134.75,Optional mobile function,33
CD DIORSKIN STAR Studio Makeup Spectacular Brightening with sunscreen Broad Spectrum SPF30 022,262.48,Re-contextualized 5th generation throughput,85
Glyburide,350.27,Intuitive demand-driven budgetary management,78
PureLife Topical Anesthetic,100.44,User-centric directional policy,49
azithromycin,305.37,Multi-channelled systematic portal,100
Naloxone Hydrochloride,308.91,Team-oriented global attitude,67
FORTAZ,181.29,Centralized directional portal,80
Menstrual - PMS,197.78,Cloned intermediate capacity,95
"American Continental Techlabs, LLC INSTANT HAND SANITIZER",330.8,Automated client-driven capability,65
ANS/CNS,60.12,Synergized real-time pricing structure,50
Good Sense Pain and Fever,345.03,Reverse-engineered real-time analyzer,80
Extra Strength Pain Relief,349.81,Open-architected object-oriented matrices,28
Viread,278.86,Sharable cohesive open system,88
Enalapril Maleate,79.65,Team-oriented high-level data-warehouse,7
Verapamil Hydrochloride,159.29,Configurable fresh-thinking migration,17
Neutrogena Nourishing Eye Quad,70.88,Monitored solution-oriented circuit,40
Levetiracetam,328.73,Multi-layered neutral Graphic Interface,31
Wal Tussin,52.7,Multi-lateral high-level knowledge base,46
Zovia 1/35E-28,339.6,Switchable optimal hierarchy,32
moisturizing anti-bacterial hand soap,89.43,Open-source methodical pricing structure,7
PhysiciansCare Ophthalmic Solution Eyewash,331.05,Team-oriented zero defect service-desk,67
Gianvi,95.01,De-engineered composite functionalities,38
QUERCUS ALBA POLLEN,80.44,User-centric mobile pricing structure,3
Gas Relief,76.02,Implemented stable intranet,21
Cytomel,278.87,Re-engineered stable policy,24
BOTRYTIS CINEREA,251.35,Digitized client-driven superstructure,72
Risperidone,63.47,Virtual bifurcated portal,31
stool softener,397.08,Total full-range support,7
Alfuzosin Hydrochloride,193.42,Self-enabling systematic access,85
DiorSkin Nude 030 Medium Beige,148.33,Sharable transitional knowledge base,87
Risperidone,264.72,Synergized uniform access,36
Amoxicillin and Clavulanate Potassium,373.46,Sharable holistic contingency,20
Green Body,83.19,Innovative executive neural-net,76
Cyclobenzaprine Hydrochloride,285.98,Persistent multi-state support,19
Flublok,181.23,Reduced homogeneous functionalities,74
Lutera,327.12,Re-contextualized object-oriented workforce,90
Denavir,71.6,Advanced full-range attitude,43
CLONIDINE HYDROCHLORIDE,266.93,Quality-focused holistic focus group,12
Pain Relief,211.27,Robust asynchronous algorithm,39
Disulfiram,215.41,Seamless maximized forecast,1
Youthful Wear Spotless Foundation,181.57,Balanced systemic projection,74
Cryselle,252.62,Self-enabling disintermediate firmware,66
Methscopolamine Bromide,297.74,Monitored real-time paradigm,5
Venlafaxine Hydrochloride,321.59,Persistent contextually-based array,99
Zicam,382.07,Configurable empowering secured line,50
Muscle Rub Greaseless,269.23,Stand-alone object-oriented concept,89
LBel,246.44,Organized maximized leverage,15
LBEL NATURAL FINISH MOISTURIZING FOUNDATION SPF 25,241.13,Visionary leading edge orchestration,89
Methenamine Mandelate,295.48,Streamlined transitional framework,100
Antiseptic Mouth Rinse,69.23,Future-proofed needs-based interface,42
Lisinopril and Hydrochlorothiazide,78.78,Cloned 5th generation archive,79
CENTER-AL - AMBROSIA ACANTHICARPA POLLEN,59.79,Operative cohesive time-frame,50
MINOXIDIL,274.17,Stand-alone 5th generation help-desk,23
Womens Rogaine,338.98,Managed clear-thinking interface,77
White Oak,76.24,Mandatory user-facing conglomeration,47
CITALOPRAM HYDROBROMIDE,353.49,Cloned homogeneous structure,38
Tobramycin,122.12,Organic next generation analyzer,36
Cefprozil,265.45,Organic hybrid parallelism,31
Angry Eyebrows,234.02,Ergonomic didactic help-desk,26
METOPROLOL SUCCINATE,180.31,Phased solution-oriented workforce,71
CLEAR DIFFERENCE ADVANCED BLEMISH SERUM,125.25,Reduced holistic collaboration,19
Haloperidol Decanoate,377.32,Persistent systematic methodology,31
Stomint,152.27,Object-based encompassing encryption,58
Ranitidine Hydrochloride,125.76,Upgradable context-sensitive focus group,1
Simvastatin,297.83,Exclusive logistical migration,93
Neutrogena Shine Control Makeup,270.55,Multi-channelled multimedia pricing structure,46
Mouth Rinse,232.93,Cloned exuding toolset,88
Albuterol Sulfate,194.13,Right-sized neutral installation,52
Bacitracin Zinc and Polymyxin B Sulfate,369.65,Enhanced scalable encoding,70
anti-bacterial Hand Cleanser,61.57,Balanced upward-trending orchestration,49
TOPCARE,211.33,Face to face heuristic model,79
TOPIRAMATE,223.04,Triple-buffered contextually-based emulation,94
Gabapentin,221.62,Fundamental fault-tolerant function,80
Larynx Bryonia Special Order,194.83,Progressive heuristic artificial intelligence,71
CELESTONE SOLUSPAN,263.33,Upgradable demand-driven standardization,24
CLADOSPORIUM FULVUM,91.96,Fundamental eco-centric utilisation,95
SBS UltraGreen,122.86,Monitored empowering groupware,81
members mark nicotine,129.72,Automated background algorithm,97
THE CELLIN SUN SCREEN,393.85,Grass-roots regional array,71
Lorazepam,192.92,Robust stable pricing structure,81
LAURA GELLER BEAUTY TUSCAN SUN SPACKLE SPF 30 PROTECTIVE UNDER MAKE-UP PRIMER FAIR,287.82,Business-focused 24/7 orchestration,94
Protonix,371.41,Cross-platform impactful extranet,55
High Potency Heal Grief,359.35,Multi-layered client-driven functionalities,80
CVS Fragrance Free Anti-Itch,119.04,Assimilated radical circuit,33
Lisinopril and Hydrochlorothiazide,254.52,Customizable composite knowledge user,23
hemorrhoidal,132.38,Expanded foreground artificial intelligence,45
health mart migraine relief,56.58,Horizontal needs-based collaboration,77
GUNA-RERIO,156.06,Vision-oriented incremental core,85
ribavirin,181.87,Focused executive capacity,65
Noxzema,303.55,Expanded grid-enabled artificial intelligence,96
GUNA-ALLERGY T,200.23,Optimized solution-oriented architecture,3
Anticavity Fluoride Rinse,324.19,Pre-emptive bifurcated structure,18
Pentoxifylline,58.23,Seamless interactive middleware,93
Laxacin,190.26,Enhanced encompassing migration,92
Neomycin and Polymyxin B Sulfates and Hydrocortisone,228.15,Decentralized high-level customer loyalty,16
SkinDog,180.04,Reverse-engineered coherent customer loyalty,78
HOUSE DUST,100.07,Ergonomic national database,33
Arroyo Willow,371.68,Automated maximized database,50
PCXX NEUTRAL GEL PINA COLADA,274.85,Grass-roots asymmetric process improvement,17
Acyclovir,270.21,Organized uniform intranet,8
Sucrose,239.78,Reduced coherent hierarchy,25
Hemoban,176.05,Progressive even-keeled database,23
Fluoxetine,372.69,Seamless global focus group,45
Triazolam,276.49,Extended tertiary info-mediaries,19
Kicking and Screaming,180.59,Enterprise-wide stable intranet,77
Fluphenazine Hydrochloride,268.89,Proactive human-resource benchmark,13
SYLATRON,351.44,Object-based disintermediate system engine,13
Sensodyne,251.94,Enterprise-wide zero administration success,33
up and up nicotine polacrilex,81.18,Focused intangible matrix,38
loperamide hydrochloride,105.43,Integrated interactive hierarchy,28
good neighbor pharmacy childrens ibuprofen,347.98,Phased hybrid capacity,68
Dove,140.5,Progressive encompassing array,61
FLOVENT,282.0,Up-sized homogeneous pricing structure,2
PREPARATION H,331.87,Reverse-engineered bottom-line encryption,17
Propylthiouracil,275.02,Devolved contextually-based software,19
Trazodone Hydrochloride,190.49,Open-architected leading edge customer loyalty,47
Lorazepam,321.6,Realigned attitude-oriented Graphical User Interface,4
Fluconazole,232.02,Assimilated zero administration pricing structure,93
Sertraline Hydrochloride,313.59,Multi-layered multi-state middleware,74
Sulindac,267.33,Face to face solution-oriented knowledge base,52
Quinidine Gluconate,142.31,Persevering object-oriented moratorium,93
Cleanse,253.13,Implemented interactive projection,69
24-Hour All Day Allergy,144.45,Managed global benchmark,11
Promethazine Hydrochloride,222.95,Integrated disintermediate task-force,33
Calendula Officinalis Kit Refill,188.48,Operative foreground application,7
Carbidopa and levodopa,135.95,Face to face methodical methodology,75
Warfarin Sodium,87.42,Integrated multi-tasking protocol,84
Cold Spot,133.57,Grass-roots system-worthy toolset,73
Cerdelga,247.22,Cross-group grid-enabled attitude,40
Bumetanide,354.59,Devolved contextually-based synergy,91
East Sycamore,324.62,Pre-emptive object-oriented encoding,23
Expectorant plus Cough Relief,236.72,Profit-focused bi-directional leverage,59
Toposar,326.77,Business-focused eco-centric paradigm,24
Ketamine Hydrochloride,115.39,Intuitive hybrid focus group,73
Pioglitazone and Metformin Hydrocholride,203.49,Enterprise-wide zero tolerance capability,94
Vital Male Sexual Energy,121.46,Optimized high-level access,80
Tretinoin,117.08,Expanded multi-state attitude,56
Phosphoricum Acidum Kit Refill,215.0,Future-proofed discrete hardware,89
glipizide,183.5,Stand-alone actuating array,44
Vicks NyQuil,376.55,Re-engineered disintermediate implementation,88
Butorphanol Tartrate,124.64,Triple-buffered scalable extranet,63
Glandulae suprarenales 6,224.04,Sharable coherent parallelism,76
Easy to break-off cleaning and disinfecting swabstick JJB-I,255.57,Virtual even-keeled focus group,1
SPF15 sunscreen,114.14,Fully-configurable even-keeled customer loyalty,20
Allergy and Stuffy Nose,394.46,Innovative dynamic budgetary management,40
Infected Cuts and Punctures,184.87,Digitized systematic process improvement,55
Ticked,350.9,Robust optimizing core,90
HAND SANITIZING,190.69,Digitized actuating pricing structure,89
Hypopituitaryplex,182.25,Re-engineered coherent artificial intelligence,90
Ibuprofen,318.55,Future-proofed asymmetric Graphic Interface,59
Simvastatin,202.65,Progressive responsive paradigm,36
NITROUS OXIDE,267.76,User-friendly explicit website,25
"Pollens - Grasses, Brome, Smooth Bromus inermis",100.37,Decentralized human-resource collaboration,84
DOCUSATE SODIUM 100mg Two-Tone,79.19,Secured grid-enabled data-warehouse,46
Diclofenac Sodium,379.84,Fundamental radical collaboration,20
Levofloxacin,380.43,Switchable bandwidth-monitored budgetary management,81
ATACAND,127.92,Ergonomic uniform alliance,10
CardinalHealth antibacterial bathing wipes,363.41,Virtual executive Graphic Interface,95
ACETANILIDUM,190.46,De-engineered global extranet,44
Anti-Bacterial Deep Cleansing Hand,385.03,Implemented global database,41
TOPIRAMATE,320.45,Monitored asymmetric process improvement,7
Levothyroxine Sodium,103.96,User-friendly object-oriented policy,83
Omeprazole,259.22,Versatile clear-thinking pricing structure,19
HYDROMORPHONE HYDROCHLORIDE,250.57,Assimilated needs-based product,30
Up and Up Anti Itch,165.72,Upgradable multimedia strategy,2
Sertraline Hydrochloride,223.87,Realigned heuristic database,73
Smart San ES Hand Sanitizer Spray,100.88,Function-based radical access,60
Temazepam,386.23,Centralized bandwidth-monitored emulation,75
leader lice solution,120.05,Streamlined optimal adapter,53
AMOXICILLIN,376.41,Down-sized real-time Graphic Interface,54
Benztropine Mesylate,268.91,Progressive fresh-thinking migration,19
Oxygen,192.48,Distributed mobile extranet,59
Bacitracin Zinc,149.59,Integrated actuating service-desk,68
LAZANDA,92.76,Triple-buffered actuating matrix,14
Milrinone Lactate,139.25,Assimilated grid-enabled Graphical User Interface,48
Zapotol Clotrimazole,267.12,Enhanced user-facing hardware,79
TRUFFLE EX WRINKLE ESSENCE,304.47,Total attitude-oriented orchestration,43
Orange,152.97,Decentralized stable policy,71
buprenorphine hydrochloride and naloxone hydrochloride dihydrate,391.35,Organic needs-based knowledge base,25
Nutricel Additive System - AS-3,369.95,Versatile asynchronous task-force,88
HEB,288.54,Managed even-keeled definition,38
Methylprednisolone,369.44,Switchable 24/7 model,61
Tobacco Leaf,266.01,Polarised contextually-based budgetary management,76
Vascular,297.83,Cloned background neural-net,57
Losartan Potassium and Hydrochlorothiazide,313.23,Configurable zero defect instruction set,94
Rocky Mountain Juniper,393.85,Up-sized bandwidth-monitored local area network,54
Warfarin Sodium,168.73,Mandatory mobile application,19
Opcicon One-Step,336.31,De-engineered systemic workforce,21
Aplicare Povidone-iodine Triples,127.88,Right-sized optimal projection,33
Clindacin ETZ,387.98,Total systematic moratorium,39
Alprazolam,136.57,Multi-layered empowering help-desk,23
meijer,87.7,Progressive 6th generation middleware,55
BLATELLA GERMANICA,226.07,De-engineered asynchronous array,58
Naturasil,369.34,Compatible next generation emulation,99
Castor Oil,190.53,Diverse bandwidth-monitored open architecture,76
Oxybutynin Chloride,254.2,Optimized grid-enabled help-desk,74
Plasbumin,200.14,Integrated contextually-based budgetary management,85
LBEL HYDRATESS,368.54,Reverse-engineered global ability,22
Neutrogena Triple Age Repair Moisturizer,341.98,Face to face static time-frame,7
bareMinerals READY Touch Up Veil Broad Spectrum SPF 15,377.03,Right-sized mobile adapter,3
Oxygen,208.25,Configurable eco-centric focus group,57
Megestrol Acetate,150.25,Virtual real-time service-desk,37
TRISEPTIN,221.55,Sharable real-time Graphic Interface,96
Anticavity Fluoride Rinse,328.45,Reactive exuding challenge,4
Oxycodone and Acetaminophen,60.51,Seamless homogeneous forecast,25
Erythrocin Lactobionate,198.12,Implemented 24 hour focus group,91
Epirubicin Hydrochloride,259.87,Decentralized background budgetary management,76
Dexilant,305.7,Mandatory 4th generation Graphical User Interface,54
risperidone,302.59,Optional well-modulated software,83
Oxygen,74.52,Up-sized zero defect function,21
TRIPLE ANTIBIOTIC,137.73,Devolved zero defect productivity,36
DELFLEX,220.73,Adaptive asymmetric complexity,93
Anti Diarrheal,96.31,Advanced demand-driven infrastructure,93
Yellow Hornet hymenoptera venom Multidose,211.45,Business-focused high-level contingency,64
Super Aqua Cleansing Oil,71.04,Down-sized tertiary benchmark,22
Hydrocodone Bitartrate and Acetaminophen,259.62,Front-line zero administration groupware,43
Adempas,289.82,Synergized human-resource hierarchy,32
Metaxalone,367.67,Pre-emptive logistical pricing structure,6
CASUARINA EQUISETIFOLIA POLLEN,276.81,Integrated dedicated data-warehouse,45
DRY COUGH HEADACHE,297.52,Implemented leading edge orchestration,77
Bio Willow,254.31,Ergonomic fresh-thinking core,49
Standardized Meadow Fescue Grass,224.48,Digitized well-modulated website,63
Servo-Stat TE,177.78,Optional secondary approach,60
Dove,322.32,Intuitive zero administration solution,91
HAND SANITIZER,96.42,Secured incremental throughput,45
Treatment Set TS340153,145.04,Multi-channelled impactful matrix,12
Acremonium strictum,274.03,Customizable 6th generation synergy,42
Clarinex,222.26,Universal client-server matrices,93
olio activ mouthwash,88.46,Profit-focused mission-critical challenge,85
Hepar Sulph Calc Kit Refill,133.07,Re-engineered well-modulated policy,86
Albuterol Sulfate,98.88,Cross-platform solution-oriented pricing structure,61
CARE ONE,218.91,Synergized well-modulated matrices,1
Oxygen,296.21,Operative scalable contingency,42
Morphine Sulfate,127.99,Implemented leading edge concept,52
VARIVAX,346.6,Sharable mission-critical product,74
Lisinopril,235.19,Face to face impactful leverage,1
ALPRAZOLAM,107.47,Upgradable systematic system engine,19
Creon,333.43,Multi-tiered reciprocal definition,38
PERTZYE,319.3,Realigned neutral analyzer,72
Cetirizine Hydrochloride,261.9,Decentralized full-range open architecture,54
Levothyroxine Sodium,243.93,Multi-channelled bifurcated product,31
EDURANT,203.41,Programmable holistic application,90
Byetta,295.46,Versatile 5th generation solution,6
Diurex,382.53,Configurable scalable projection,53
Daytime Cold and Pain Relief,89.11,Streamlined empowering paradigm,56
Tizanidine,241.29,Grass-roots eco-centric standardization,43
Repronex,241.89,Configurable maximized process improvement,14
Up and Up Anti Itch,266.58,Future-proofed non-volatile adapter,30
CardinalHealth alcohol prep pads LARGE,325.06,Operative intermediate Graphical User Interface,84
Fexofenadine Hydrochloride,384.62,Diverse zero administration solution,88
CYZONE,297.03,Object-based global focus group,38
Stool Softener,172.37,Cross-platform high-level workforce,57
Pantoprazole sodium,138.99,Diverse stable knowledge user,98
Albuterol Sulfate,297.5,Adaptive systematic architecture,28
ZONISAMIDE,269.5,Persistent responsive portal,1
Metformin Hydrochloride,95.22,Persevering leading edge migration,21
Warfarin Sodium,317.72,Inverse actuating initiative,56
SULPHUR,375.11,Universal systematic infrastructure,50
Lorazepam,138.69,Decentralized dedicated synergy,43
Amitriptyline Hydrochloride,344.82,Integrated attitude-oriented structure,33
Ursodiol,70.77,Multi-channelled user-facing algorithm,78
acid controller,230.36,Organic non-volatile system engine,22
ALTERNARIA TENUIS,201.68,Reactive next generation groupware,24
"Pollens - Weeds and Garden Plants, Scale, Wing (Shad) Atriplex canescens",299.39,Future-proofed dedicated Graphic Interface,58
Simvastatin,359.17,Fully-configurable holistic hardware,34
AgingEye Relief,230.14,Networked needs-based complexity,96
Glycopyrrolate,208.71,Customer-focused analyzing matrix,41
Advanced DNA Medicated Collection,265.45,Open-architected content-based encoding,65
C-Plus,67.25,Extended systematic interface,80
Liposyn III,396.67,Mandatory executive toolset,13
OXYGEN,73.89,User-friendly clear-thinking conglomeration,8
Good Sense Omeprazole,174.57,Robust dynamic protocol,24
BANANA BOAT,319.67,Programmable value-added focus group,30
Hydrochlorothiazide,76.74,Devolved optimizing circuit,24
Albuterol Sulfate,65.9,Cross-platform needs-based database,93
Hydralazine Hydrochloride,390.51,Stand-alone dedicated algorithm,55
Chopper Chap Lip Balm,64.49,Synergized analyzing array,79
Vitalizer White,212.8,Cloned scalable forecast,94
Natrum Muriaticum Kit Refill,325.84,Enterprise-wide asynchronous policy,95
healthy accents day time night time,388.85,Proactive coherent data-warehouse,57
leader childrens pain reliever,380.51,Multi-lateral maximized moderator,96
TopCare Nite Time,54.23,Fully-configurable bandwidth-monitored challenge,63
SHISEIDO PERFECT REFINING FOUNDATION,207.57,Devolved optimal architecture,30
napoleon PERDIS SHEER GENIUS LIQUID FOUNDATION BROAD SPECTRUM SPF 20 Look 2,61.16,Seamless explicit framework,28
Coppertone waterBABIES Pure and Simple,67.36,Operative uniform project,75
Halls,261.82,Monitored bottom-line budgetary management,97
AIM,300.38,Synergized content-based core,7
KADIAN,56.4,Enhanced contextually-based Graphical User Interface,70
ONDANSETRON HYDROCHLORIDE,385.87,Stand-alone fault-tolerant data-warehouse,28
CEPHALOTHECIUM ROSEUM,122.66,Intuitive didactic application,32
AMOXICILLIN,253.15,Extended 3rd generation utilisation,68
CAREONE,358.52,Upgradable demand-driven artificial intelligence,6
good sense gas relief,385.24,Enterprise-wide bandwidth-monitored attitude,81
Calcitriol,346.49,User-friendly content-based productivity,26
Minocycline Hydrochloride,60.17,Total motivating focus group,52
Dilacor,280.44,Re-contextualized context-sensitive productivity,43
Pramipexole Dihydrochloride,77.74,Customizable asymmetric benchmark,89
Dextromethorphan Hydrobromide and Promethazine Hydrochloride,153.64,Distributed optimizing database,94
RECOTHROM,128.82,Decentralized regional groupware,24
Erythromycin Base,304.82,Grass-roots 24/7 emulation,89
AHC Revitalizing Special Gen Cream,51.28,Advanced 4th generation frame,8
Amlodipine Besylate,112.68,Up-sized human-resource info-mediaries,86
Risperidone,296.18,Pre-emptive mobile challenge,75
Best Choice,191.43,Reactive interactive strategy,49
Suphedrine,333.22,Up-sized non-volatile capacity,74
Losortan Potassium,215.22,Advanced empowering internet solution,74
Gabapentin,328.54,De-engineered local task-force,34
Bupropion Hydrochloride,371.37,Virtual demand-driven hardware,46
FIRMING AND MOISTURIZING,238.07,Re-engineered uniform functionalities,34
Mineral Oil,349.12,Multi-layered actuating internet solution,70
Gemfibrozil,397.1,Future-proofed zero administration superstructure,86
Phentermine Hydrochloride,303.57,Integrated 3rd generation encryption,2
Ranexa,160.68,Reduced bandwidth-monitored moratorium,69
COLGATE PROCLINICAL - SPARKLING MINT,217.8,Total actuating core,78
Mucus Relief DM,96.82,Proactive asynchronous paradigm,4
IBU,337.43,Balanced bandwidth-monitored methodology,61
Duloxetine,119.53,Extended local conglomeration,59
Nitrofurantoin,339.49,Devolved zero administration knowledge user,37
Pain Relief BalmPreferred Plus Ph,369.87,Compatible 6th generation infrastructure,60
NEXIUM,252.15,Pre-emptive real-time emulation,40
CARBIDOPA AND LEVODOPA,56.17,Optional motivating open system,52
Daytime sinus,331.45,Fully-configurable background structure,88
Progena,182.08,Horizontal web-enabled migration,42
TAZICEF,199.48,Cross-group secondary encoding,49
risperidone,179.58,Customizable scalable secured line,73
Zicam,231.7,Configurable 5th generation service-desk,34
Octreotide Acetate,355.14,Proactive web-enabled task-force,98
ofloxacin,80.28,Team-oriented scalable extranet,79
Ecotrin,155.99,Assimilated multi-tasking collaboration,61
Desoximetasone,157.54,Multi-lateral heuristic Graphical User Interface,25
Sheer Defense Tinted Moisturizer SPF15 L20,365.41,Team-oriented real-time infrastructure,54
Degree,285.14,Cloned optimal extranet,37
Ketoconazole,71.94,Multi-lateral 24 hour artificial intelligence,51
Fentanyl,313.95,Total dedicated artificial intelligence,25
"Pollens - Weeds, Careless/Pigweed Mix",58.27,Optimized even-keeled challenge,71
Pravastatin Sodium,272.84,Customizable 6th generation capability,62
Pandanus Calc. carb.,200.58,Upgradable directional encryption,77
SINEMET,389.04,Reduced national knowledge user,10
Sulfamethoxazole and Trimethoprim,310.6,Digitized bifurcated time-frame,17
Warfarin Sodium,166.88,Progressive 24 hour standardization,63
Notatum-Quentans,250.32,Self-enabling 6th generation projection,76
Pineapple,304.3,Reduced object-oriented open architecture,76
Dextrose,312.33,Triple-buffered disintermediate approach,84
Anti-Bacterial Gentle Foaming Hand,188.41,Secured global portal,67
Epifoam,97.12,Synergistic logistical support,28
CENTER-AL - FRAXINUS AMERICANA POLLEN,55.25,Fundamental demand-driven hub,12
CVS HYDROCORTISONE WITH ALOE,279.57,Profound optimal open system,32
Rejuvity moisturizing day cream BROAD SPECTRUM SPF 15 SUNSCREEN,347.32,Triple-buffered grid-enabled concept,74
Glimepiride,261.06,Integrated disintermediate capacity,10
Ibuprofen,57.58,Inverse stable product,79
Icy Hot Advanced Relief,324.26,Operative foreground monitoring,58
zoledronic acid,353.4,Ameliorated zero defect support,86
Tartar Control Plus,182.63,Proactive next generation matrices,46
LEVETIRACETAM,75.75,Phased local local area network,22
Nighttime Cold Multi Symptom,166.05,Switchable client-server help-desk,33
OXYGEN,162.34,Profound intangible product,84
Lyrica,225.73,Fundamental real-time knowledge base,12
ShopRite Triple Antibiotic,398.21,Organic transitional moratorium,61
Walgreens,174.92,Grass-roots zero administration focus group,14
Childrens Ear Relief,129.2,Organic foreground secured line,60
Shoulder/Arm Complex,346.52,Synergistic disintermediate application,31
Threda,117.75,Focused maximized customer loyalty,47
Habitrol Patch,144.32,Phased dedicated website,51
Sting Relief,152.53,Universal interactive parallelism,23
GOODSENSE LUBRICATING EYE DROPS,176.48,Compatible zero defect orchestration,29
HYDROCODONE BITARTRATE AND ACETAMINOPHEN,156.39,Implemented 24/7 solution,61
DOXIL,51.26,Reverse-engineered fresh-thinking challenge,81
Fluorouracil,180.02,Re-engineered secondary structure,14
Ropinirole Hydrochloride,316.32,Mandatory tertiary projection,83
Hydrocodone Bitartrate and Acetaminophen,95.12,Multi-channelled cohesive adapter,25
Ketorolac Tromethamine,119.04,Cross-group 24/7 data-warehouse,6
Calcitriol,310.38,Inverse discrete encryption,28
Bisacodyl Laxative,121.6,Customizable client-driven framework,1
Tramadol Hydrochloride and Acetaminophen,219.41,Multi-layered cohesive frame,78
SENNA TIME,249.96,Re-contextualized scalable local area network,95
MAXIMUM STRENGTH MYTAB For GAS,299.97,Persistent dedicated productivity,27
Lalaloopsy Watermelon Antiseptic Hand Cleansing,55.19,Implemented non-volatile help-desk,72
CHANTIX,387.93,Operative didactic local area network,82
Moore Medical Sinus Pain and Pressure Relief,65.13,Function-based zero administration success,80
severe sinus,224.65,Multi-lateral disintermediate frame,95
Suave,385.86,Synergized mobile Graphic Interface,73
Vaseretic,381.51,Switchable grid-enabled protocol,4
RECOTHROM,369.97,Adaptive bi-directional productivity,10
Pediatex TDM,377.4,Polarised zero tolerance application,36
Headache Restlessness,168.97,Operative asymmetric encoding,85
Morphine Sulfate,324.19,Customizable 6th generation website,61
CareOne Mini Nicotine Polacrilex,295.5,Ergonomic bottom-line conglomeration,5
BENICAR HCT,349.58,Multi-layered neutral artificial intelligence,80
INDUSTRIAL ANTISEPTIC SANITIZER,211.7,Fully-configurable grid-enabled moratorium,86
Bethanechol Chloride,106.67,Compatible bifurcated attitude,4
Tobramycin,227.57,Monitored content-based Graphic Interface,87
Rite Aid Moisturizing Dandruff,107.86,Pre-emptive client-server instruction set,35
ibuprofen,356.6,Profit-focused hybrid challenge,15
ARANESP,370.24,Organized disintermediate complexity,81
Terazosin,211.29,Right-sized even-keeled orchestration,77
Urticaria - Rashes,139.78,Triple-buffered full-range firmware,83
Oxygen,121.58,Re-contextualized zero administration definition,81
Neutrogena Healthy Skin Radiance,194.59,Switchable 3rd generation paradigm,78
Creon,210.46,User-friendly uniform array,4
Mometasone Furoate,55.83,Compatible actuating software,33
Dovonex,339.07,Universal leading edge firmware,14
Recovatone,301.75,Stand-alone bi-directional matrix,2
stool softener,244.73,Pre-emptive actuating matrices,50
Gentamicin Sulfate,215.38,Ergonomic system-worthy moderator,33
Monistat 7 Combination Pack,390.97,Ameliorated mobile productivity,33
Mycophenolate Mofetil,266.53,Customizable 6th generation infrastructure,71
Sulfamethoxazole and Trimethoprim,84.8,Mandatory zero tolerance methodology,45
smart sense ibuprofen,226.8,Robust transitional throughput,42
Natrum muriaticum,221.97,Multi-lateral non-volatile Graphic Interface,10
Mycophenolate Mofetil,286.06,Adaptive motivating moderator,45
Metaproterenol Sulfate,278.87,Public-key empowering portal,31
Extra Strength Pain Relief,141.07,Digitized 24/7 paradigm,69
OHUI Sun Science Sun Block EX plus Beige,367.81,Organized 24/7 knowledge user,11
Topcare Allergy,295.48,Progressive secondary flexibility,64
Macular Degeneration,368.38,Reactive mobile hardware,47
Sebex,168.29,Horizontal zero tolerance service-desk,55
Skin So Soft Bug Guard Plus IR3535,326.16,Monitored multi-tasking adapter,17
Cat Hair,183.59,Assimilated global capacity,59
Aesculus Hipp Kit Refill,195.45,Ameliorated didactic productivity,93
Teething Irritability,207.36,Up-sized next generation capacity,30
Gabapentin,376.05,Enterprise-wide dedicated synergy,1
Cetirizine Hydrochloride,304.6,Decentralized upward-trending migration,65
Aconitum e tub. 6,116.83,Versatile value-added structure,100
Eye Stream,336.44,Proactive 3rd generation process improvement,7
Phenytoin,246.32,Devolved secondary productivity,90
ck one 3-in-1 face makeup,337.45,Multi-channelled context-sensitive challenge,59
good neighbor pharmacy aspirin,133.91,Profit-focused motivating capacity,92
"Animal Allergens, AP Horse Hair and Dander",278.42,Optimized dedicated strategy,67
Prednisone,358.94,Re-engineered human-resource core,2
LEADER DRY EYE RELIEF,345.32,Multi-lateral even-keeled support,67
Ursodiol,272.45,Organic intangible interface,56
Neostigmine Methylsulfate,226.18,Upgradable 6th generation methodology,1
LOVASTATIN,278.11,Public-key tangible complexity,29
SmileActives,256.1,Advanced fresh-thinking conglomeration,72
Equaline Stay Awake,266.86,Ergonomic solution-oriented focus group,28
Neutrogena Visibly Even BB,292.32,Realigned client-driven moratorium,16
Brimonidine Tartrate,127.19,Streamlined systematic access,97
TERUFLEX Blood Bag System with Blood Sampling Arm Anticoagulant Citrate Phosphate Dextrose (CPD) AND OPTISOL (AS-5) Red Cell Preservative,105.02,Self-enabling methodical instruction set,49
Amoxicillin,243.8,Seamless clear-thinking open system,89
CLE DE PEAU BEAUTE SILKY FOUNDATION I,186.1,Intuitive zero defect extranet,11
Phenytoin,163.47,Advanced secondary contingency,76
PURELL Waterless Surgical Scrub,372.31,Ergonomic encompassing emulation,76
Gabapentin,297.68,Integrated explicit project,22
Famotidine,56.96,Polarised secondary workforce,66
Mary Kay Tinted Moisturizer Sunscreen SPF 20 Bronze 2,397.16,Switchable user-facing concept,51
Hydrating Instant Hand Sanitizer,277.68,Up-sized object-oriented knowledge base,88
Blue Lizard Regular,69.2,Distributed asynchronous policy,79
Aspartame MSG Detox,85.08,Phased interactive core,63
Calcium Gluconate,135.07,Reduced attitude-oriented moratorium,58
Rescue Remedy,255.82,Phased 3rd generation productivity,83
Oxycodone Hydrochloride,336.26,Operative real-time customer loyalty,80
EO HAND SANITIZER,286.07,Reduced object-oriented groupware,72
Levetiracetam,85.19,Cross-group coherent collaboration,95
Ropinirole Hydrochloride,126.29,Ergonomic fault-tolerant data-warehouse,38
Clarins Broad Spectrum SPF 15 Sunscreen Care For Outdoor Sports,335.75,Vision-oriented demand-driven firmware,35
"Food - Plant Source, Apple Malus sp.",194.64,Public-key context-sensitive help-desk,50
Benazepril Hydrochloride,204.51,Assimilated motivating customer loyalty,81
PredniSONE,89.55,Quality-focused heuristic database,32
Elcure Ato,233.46,Pre-emptive 24 hour analyzer,88
Trandolapril,295.73,Innovative systematic product,44
Emtriva,203.09,Ergonomic system-worthy benchmark,52
CENTURY 21 ENVIROMENTAL DETOX,366.12,Compatible upward-trending paradigm,25
Hydralazine Hydrochloride,367.41,Re-contextualized systematic conglomeration,59
No7 Soft and Sheer Tinted Moisturiser Fair,171.81,User-centric 24 hour capability,14
Childrens Plus Cold Grape,264.49,Streamlined executive moderator,63
LBEL Couleur Luxe Rouge Amplifier XP amplifying SPF 15,386.71,Enhanced dedicated extranet,78
Sei Bella Age-Defying Liquid Foundation,273.94,Distributed encompassing encryption,39
mally Face Defender Foundation BB,139.12,Programmable 3rd generation algorithm,24
Ropinirole Hydrochloride,201.41,Versatile grid-enabled product,88
Pravastatin Sodium,289.56,Public-key value-added customer loyalty,77
SUPER CREME SOLAIRE CORPS Body sun care,236.75,De-engineered non-volatile challenge,4
One Seed Juniper,81.17,Streamlined analyzing support,37
"Pollens - Weeds and Garden Plants, Plantain, English Plantago lanceolata",232.84,Grass-roots high-level flexibility,44
Aluminum Acetate Astringent,337.69,Expanded 6th generation policy,82
Breo Ellipta,295.22,Fully-configurable context-sensitive framework,40
Zydelig,335.79,Ameliorated multimedia info-mediaries,22
BANANA BOAT,236.88,Devolved incremental local area network,47
Albuminuriaforce,264.39,Enterprise-wide dedicated standardization,66
Aspirin,335.33,Fully-configurable intangible focus group,44
Proforce Commercial Products,174.81,Front-line intermediate budgetary management,86
Ondansetron,137.93,Configurable attitude-oriented conglomeration,97
Jet Lag RELIEF,293.81,Optimized actuating artificial intelligence,3
DIANEAL PD-2 with Dextrose,160.39,Compatible demand-driven Graphic Interface,66
POA ANNUA POLLEN,340.14,Reverse-engineered fresh-thinking solution,43
ZONISAMIDE,327.58,Stand-alone attitude-oriented intranet,36
Verapamil Hydrochloride,58.01,Assimilated exuding pricing structure,70
Fluconazole,212.97,Grass-roots optimal installation,55
Family Care Advanced Formula Eye,322.36,Business-focused directional approach,95
Sulfamethoxazole and Trimethoprim,94.2,Monitored heuristic superstructure,18
Truvada,154.65,Expanded explicit secured line,69
Maybelline New York Instant Age Rewind Radiant Firming Makeup Broad Spectrum SPF 18 Sunscreen,100.87,Focused disintermediate database,61
"House Dust Mite, Dermatophagoides farinae",314.4,Right-sized solution-oriented frame,63
Clonidine Hydrochloride,271.5,Phased bifurcated help-desk,58
Fexofenadine Hydrochloride,62.63,Horizontal well-modulated installation,45
PRAVASTATIN SODIUM,363.82,Profound actuating intranet,64
Zep Provisions Pot and Pan Premium,161.52,Assimilated object-oriented standardization,56
Neutrogena Healthy Skin Glow Sheers Illuminating Tinted Moisturizer - Ivory to Fair 10,276.93,Operative local project,67
Pravastatin Sodium,102.28,Customizable human-resource monitoring,88
Chlorpromazine Hydrochloride,118.44,Multi-channelled background adapter,66
ZINACEF,296.89,User-centric web-enabled moratorium,5
Arnica Plus,311.83,Horizontal background secured line,35
Carbo Vegetabilis Kit Refill,286.36,Self-enabling incremental matrix,50
Medicated Body Powder,270.0,Polarised 5th generation hardware,17
Dr. Cocoa Daytime Cough and Cold,223.84,Synchronised demand-driven application,11
Laura Mercier Tinted Moisturizer SPF 20 BLUSH,84.87,Public-key composite Graphic Interface,39
BABY ECZEMA RELIEF,271.02,Ergonomic cohesive capability,47
Ranitidine Acid Reducer,235.08,Open-architected bi-directional local area network,57
DOUBLE WEAR LIGHT,65.69,Pre-emptive eco-centric model,46
Rapid Release Pain Relief,81.22,Business-focused analyzing analyzer,26
Hydrocodone Bitartrate and Ibuprofen,169.55,Enterprise-wide dynamic moratorium,1
ZIRGAN,70.92,Phased context-sensitive middleware,56
Complete Allergy Medicine,166.5,Self-enabling zero defect collaboration,45
Silicea,50.11,Realigned motivating policy,64
"Dextroamphetamine Saccharate, Amphetamine Aspartate Monohydrate, Dextroamphetamine Sulfate and Amphetamine Sulfate",111.99,Robust systemic pricing structure,33
Antibacterial Foaming Hand Cleanser,50.74,Progressive zero administration flexibility,72
OXY Daily Defense Ultra Facial Cleanser,228.48,Adaptive high-level leverage,33
RYTHMOL,223.29,User-friendly real-time benchmark,49
Anti-Itch,159.7,Multi-lateral coherent complexity,69
Nifedipine,371.03,Profit-focused didactic hierarchy,30
equaline vagicaine,50.65,Right-sized content-based alliance,3
Prochlorperazine Maleate,289.36,Grass-roots 6th generation attitude,89
foundcealer 2-in-1 foundation and concealer Broad Spectrum SPF 15 Sunscreen,312.76,Synergized methodical knowledge user,34
SPF 30,115.76,Enterprise-wide background info-mediaries,39
Chicken,226.64,Fully-configurable global project,16
simply right nicotine,101.08,Sharable grid-enabled orchestration,78
Dermasil Sensitive,57.64,Monitored next generation knowledge base,29
Furosemide,325.31,Advanced leading edge attitude,99
BioTox Lyme,349.52,Reverse-engineered global moratorium,6
Vimpat,57.7,Customizable asymmetric synergy,55
ARTEMISIA VULGARIS,143.72,Visionary uniform toolset,9
Atenolol,217.84,Total object-oriented middleware,90
Rifampin,291.12,Mandatory system-worthy approach,13
Haloperidol,358.51,Profound holistic algorithm,21
HELIUM,305.14,Operative fresh-thinking groupware,27
ibuprofen,166.25,Switchable value-added superstructure,12
SHISEIDO THE MAKEUP PERFECT SMOOTHING COMPACT FOUNDATION (Refill),194.59,Quality-focused directional process improvement,87
SUPERDEFENSE AGE DEFENSE MOISTURIZER BROAD SPECTRUM SPF 25 VERY DRY TO DRY,88.18,Cross-platform tertiary conglomeration,26
Denti-Care,361.79,Down-sized asynchronous hierarchy,24
Tears lubricant,342.42,Future-proofed even-keeled frame,39
Potassium Chloride,319.11,Object-based modular implementation,38
Mercurius Solubilis,204.88,Multi-layered dynamic hardware,63
Pain Relief,163.73,Business-focused didactic focus group,25
Amitriptyline Hydrochloride,119.16,Universal actuating knowledge base,78
SINGULAIR,343.88,Integrated 6th generation open architecture,64
Heparin Sodium,196.86,Function-based neutral protocol,70
Itchy Eye,98.16,Innovative empowering productivity,39
Foaming Hand Sanitizer,85.26,Seamless dedicated hardware,65
Matzim LA,302.83,Programmable responsive extranet,47
Amoxicillin and Clavulanate Potassium,124.02,Down-sized fresh-thinking orchestration,90
CYPROHEPTADINE HYDROCHLORIDE,247.25,Multi-tiered demand-driven conglomeration,55
Black Locust,302.56,Team-oriented bottom-line capacity,28
Birch,170.17,Robust composite productivity,51
levetiracetam,116.82,Cross-platform multimedia moderator,43
Oxycodone and Acetaminophen,307.13,Triple-buffered contextually-based time-frame,3
Antibacterial Foaming Hand,216.86,Digitized real-time solution,39
Darkleaves Mugwort,238.14,Polarised upward-trending complexity,60
Antiseptic Mouth Rinse,293.91,Reverse-engineered modular orchestration,62
Benztropine Mesylate,357.6,Phased fault-tolerant definition,98
risperidone,210.22,De-engineered bi-directional emulation,1
Glynase,80.73,Cross-group intangible structure,65
Gabapentin,386.37,Versatile actuating parallelism,80
Citrus Burst Antibacterial Foaming Hand Wash,324.39,Extended system-worthy encryption,22
Rabeprazole Sodium,339.92,Self-enabling secondary challenge,67
Amlodipine Besylate and Benazepril Hydrochloride,291.04,Customizable attitude-oriented architecture,81
daytime nitetime,132.39,Down-sized user-facing customer loyalty,92
Coppertone ultraGUARD Sunscreen,147.37,Vision-oriented transitional emulation,9
METHADONE HYDROCHLORIDE,267.23,Progressive web-enabled secured line,53
BPO,223.58,Re-contextualized non-volatile matrix,32
Naturasil,140.86,Multi-lateral discrete functionalities,46
Atopalm Maximum Strength Anti-Itch,278.9,Face to face leading edge interface,33
Detox,82.8,Self-enabling bandwidth-monitored budgetary management,7
Amoxicillin and Clavulanate Potassium,296.57,Future-proofed neutral productivity,29
CLOZAPINE,391.66,Enterprise-wide transitional policy,59
Crest 3D White,218.36,Enhanced maximized installation,49
Leader Aspirin,234.8,Vision-oriented stable open system,3
Buspirone HCl,188.61,Managed empowering infrastructure,32
Antiseptic Mouth Rinse,169.74,Configurable neutral hierarchy,64
Robafen AC,361.47,Inverse object-oriented capability,44
Gas Relief,64.98,Triple-buffered foreground utilisation,62
Ocean Potion Instant Dry 30 Mist Water Sport Sunscreen,371.79,Diverse client-driven system engine,42
Plavix,235.0,Sharable well-modulated attitude,40
Waterless Anti-Bacterial Hand Cleanser,295.87,Monitored systemic paradigm,7
ALAVERT ALLERGY SINUS D-12,121.72,Horizontal responsive architecture,24
Red Mulberry,398.45,Fully-configurable bandwidth-monitored structure,40
Hydroxyzine Pamoate,128.32,Operative bottom-line local area network,44
AQUAFRESH,363.6,Mandatory exuding customer loyalty,84
CVS Pharmacy,302.05,Re-engineered reciprocal methodology,85
Clindamycin Hydrochloride,281.76,Open-source 6th generation focus group,10
ziprasidone hydrochloride,160.4,Switchable clear-thinking standardization,85
TOURMANIUM BB,174.5,Front-line multi-state adapter,22
Aveeno Active Naturals Nourish Plus Dandruff Control,371.7,Vision-oriented incremental website,91
Simvastatin,347.99,Reactive intermediate initiative,20
Disney PIXAR Toy Story Antibacterial Hand Wipes,212.14,Configurable stable installation,77
Mexican Tea Pollen,173.75,Profit-focused multi-tasking productivity,64
MIRTAZAPINE,323.35,Vision-oriented analyzing budgetary management,69
Prenate Star,303.85,Balanced encompassing flexibility,42
Active-Medicated specimen collection kit,305.17,Mandatory empowering structure,39
COUMADIN,340.71,Focused stable data-warehouse,72
Chem Clean Antibacterial Hand,393.21,Face to face systemic secured line,24
Burweed Marsh Elder,120.06,Polarised directional budgetary management,52
Tamsulosin Hydrochloride,234.46,Object-based zero defect software,31
Banana Boat Sport Performance,398.67,Multi-layered asymmetric instruction set,43
Ramipril,67.72,Horizontal explicit extranet,38
Bacteriostatic Water,333.34,Reactive composite matrix,84
PRAMIPEXOLE DIHYDROCHLORIDE,244.33,Cross-platform contextually-based product,97
Pinchot Juniper,387.25,Implemented high-level complexity,9
doxycycline hyclate,135.12,Intuitive human-resource policy,34
EXALGO,60.07,Total 24/7 productivity,84
BOTRYTIS CINEREA,184.65,Realigned systemic hardware,38
Tretinoin,240.74,Up-sized well-modulated frame,75
Fem Response,386.84,Expanded dynamic solution,90
Mirtazapine,247.85,Devolved transitional help-desk,90
Bensal HP,272.46,Exclusive motivating strategy,56
ABILIFY,150.63,Reactive needs-based conglomeration,69
Amlodipine besylate/atorvastatin calcium,171.65,Networked value-added knowledge user,56
Up and Up Cold Flu Relief,208.99,Compatible radical matrix,54
healthy accents sinus,323.93,Cross-group fault-tolerant approach,5
Prednisone,270.45,Quality-focused global productivity,91
ANTI-AGING TINTED MOISTURIZER,363.74,Open-architected object-oriented circuit,78
Sugar Free Refreshing Mint Fishermans Friend Menthol Cough Suppressant,73.81,Proactive heuristic database,24
TRICOR,246.07,Vision-oriented asymmetric adapter,52
TC EnrichedFoam,139.72,Profound mission-critical paradigm,98
smart sense cold and cough,139.51,Seamless needs-based data-warehouse,23
Dry Scalp Care,186.01,Extended stable open architecture,71
Lornamead,126.56,Reverse-engineered actuating project,80
ACER NEGUNDO POLLEN,148.27,Self-enabling heuristic product,68
Diovan HCT,201.24,Multi-channelled neutral neural-net,55
Ondansetron,362.47,Profit-focused analyzing installation,32
Protonix,230.6,Future-proofed homogeneous emulation,76
Body Blends Coconut Lime Escape Anti-bacterial Hand Sanitizer,240.03,Proactive multi-state portal,52
Tizanidine,364.79,Function-based 5th generation support,38
Natural Vegetable Laxative,197.06,Exclusive tangible ability,75
Zinc Cold Remedy,138.7,Cross-platform full-range superstructure,5
BencoCaine Topical Anesthetic,328.57,Digitized national methodology,86
Famotidine,356.05,Proactive encompassing projection,15
Felbamate,188.85,Enhanced 5th generation middleware,86
SPF 15 Sunscreen,287.93,Down-sized bi-directional adapter,74
Treatment Set TS333743,178.4,Multi-layered bottom-line conglomeration,89
Live Oak,377.42,Decentralized even-keeled workforce,90
Obagi 360 HydraFactor Moisturizing Broad Spectrum SPF 30,97.85,Streamlined next generation array,29
VALACYCLOVIR HYDROCHLORIDE,378.24,Future-proofed heuristic middleware,39
Sinuforce,319.67,Cross-group optimal initiative,43
leader night time cough and cold,143.9,Inverse context-sensitive projection,76
ibuprofen,311.0,Secured global infrastructure,61
Sentradine,173.27,Up-sized maximized software,63
SHISEIDO PERFECT HYDRATING BB,65.94,De-engineered modular firmware,83
Hydrocodone Bitartrate and Acetaminophen,64.63,Inverse reciprocal extranet,9
Pleo Nig,197.76,Distributed cohesive circuit,66
VECURONIUM BROMIDE,67.42,Seamless directional time-frame,3
Biobron,342.51,User-friendly composite software,65
HAND SANITIZING,88.97,Multi-lateral dedicated concept,52
Amoxicillin,201.18,Ameliorated zero tolerance knowledge base,30
Potassium Chloride,130.68,Open-source optimizing application,10
ShopKo Cold Sore Treatment,188.6,Self-enabling high-level leverage,87
Treatment Set TS344420,337.01,Pre-emptive content-based methodology,39
Hydrocortisone Acetate and Pramoxine Hydrochloride,393.2,Automated cohesive adapter,24
Long Lasting Finish with Comfort Serum,327.68,Exclusive leading edge budgetary management,37
Zafirlukast,287.39,Cross-group tangible instruction set,78
Metoclopramide,108.88,Business-focused mission-critical framework,19
Pioglitazone and metformin,200.89,Mandatory disintermediate system engine,4
WHITE LAVENDER AND MINT ANTIBACTERIAL MOISTURIZING HAND SP,156.76,Progressive dedicated process improvement,40
Amoxicillin,261.87,Synergized systematic strategy,87
Azilect,275.25,Devolved explicit frame,36
CALCAREA FLUORICA,242.57,Extended fresh-thinking throughput,27
Treatment Set TS345303,230.43,Proactive coherent local area network,27
Sunmark cough dm,150.24,Synchronised dynamic portal,15
TEMOVATE E,211.96,Decentralized needs-based success,24
Sun Essential,261.41,Optimized zero defect hierarchy,98
Venapro,132.4,Streamlined executive knowledge base,9
ACID REDUCER,283.07,Future-proofed intangible moratorium,45
Childrens QPAP,205.03,Diverse intangible firmware,17
"Oxygen, Refrigerated Liquid",299.65,De-engineered clear-thinking conglomeration,43
CVS Medicated Pads,129.98,Universal solution-oriented complexity,74
Equate Tussin,316.46,Open-architected asymmetric alliance,56
Nighttime Sleep Easy,142.51,Synergistic holistic alliance,32
Carbidopa and levodopa,116.34,Integrated encompassing data-warehouse,100
CYBER WHITE,211.15,Optional multimedia encryption,11
NAPROXEN,252.79,Grass-roots demand-driven frame,76
Bleomycin,354.34,Distributed high-level installation,60
Cyclomydril,85.97,Open-architected 4th generation flexibility,76
Childrens Ibuprofen,113.58,Inverse reciprocal orchestration,92
Olanzapine,335.25,Universal content-based infrastructure,55
LBEL COULEUR LUXE AMPLIFIER XP,178.99,Organized composite budgetary management,18
Daytime Nighttime,163.4,Implemented 3rd generation portal,24
Chlorothiazide,204.26,Multi-lateral user-facing groupware,38
Levetiracetam,50.05,Reduced holistic protocol,9
Cetirizine Hydrochloride,324.18,Proactive asymmetric concept,59
OralLine Kids,98.74,Assimilated 24 hour toolset,14
Best Choice absolute Daily Moisturizing Broad Spectrum SPF 15 Sunscreen,270.01,Decentralized 5th generation access,16
SOMA Atocell,230.38,Down-sized composite workforce,8
Clonidine Hydrochloride,236.13,Switchable 3rd generation conglomeration,97
isosorbide mononitrate,207.43,Diverse client-driven frame,12
Metoprolol Tartrate,299.35,Cross-group asynchronous data-warehouse,39
Tussnex FM Cold and Sinus,281.5,Reduced 4th generation protocol,66
Oxygen,309.14,Front-line well-modulated open system,1
equaline naproxen sodium,318.28,Operative context-sensitive info-mediaries,81
Ergocalciferol,232.47,Re-contextualized client-server info-mediaries,88
Banana,152.35,Reduced 5th generation challenge,55
VISIBLE DIFFERENCE MULTI TARGETED BB CREAM BROAD SPECTRUM SUNSCREEN SPF 30 SHADE 3,391.86,Face to face system-worthy knowledge user,38
Anastrozole,111.05,Self-enabling analyzing algorithm,64
Clonidine Hydrochloride,345.36,Compatible context-sensitive challenge,80
Olanzapine,273.33,Decentralized multi-tasking Graphic Interface,50
Boy Butter,62.11,Focused 3rd generation adapter,75
CHILDRENS COLTALIN,180.99,Fully-configurable contextually-based approach,75
Azithromycin Dihydrate,220.28,Future-proofed foreground hierarchy,38
Jantoven,191.41,Advanced systematic project,88
ANTIBACTERIAL FOAMING,117.92,Reverse-engineered bifurcated paradigm,95
Healing Waters White Tea Pear Hand Sanitizer,317.41,Up-sized maximized implementation,82
Lisinopril,353.85,Total 6th generation approach,85
Aquafresh,342.42,User-friendly 24 hour circuit,70
Fluor-a-day,331.23,Devolved analyzing help-desk,2
Lamotrigine,214.85,Switchable explicit forecast,77
Metformin Hydrochloride,227.09,Grass-roots intangible functionalities,21
Ciclopirox,312.39,Fundamental scalable attitude,70
CLARINS Skin Illusion SPF 10 Natural Radiance Foundation Tint 103,298.21,Object-based multimedia core,33
West Cottonwood,87.01,User-centric static utilisation,58
ILLUMINATING DAILY MOISTURIZER,170.08,Stand-alone optimal hierarchy,71
Nitrofurantoin Monohydrate/ Macrocrystalline,266.16,Business-focused optimal info-mediaries,26
MINERALIZE,316.31,Innovative attitude-oriented algorithm,17
Lidocaine Hydrochloride,388.55,Progressive methodical pricing structure,85
ropinirole hydrochloride,147.54,User-friendly mobile ability,28
sunmark childrens pain and fever,215.91,Triple-buffered incremental service-desk,17
Black Willow Pollen,82.64,Proactive modular core,39
Metronidazole,102.58,Open-architected disintermediate extranet,24
ANTIBACTERIAL MINI WIPES Candy Apple,305.65,Managed maximized contingency,35
Mepivacaine,133.94,Compatible attitude-oriented benchmark,60
Podofilox,238.67,Balanced mission-critical internet solution,33
Nighttime Cold and Flu Relief,278.61,Multi-tiered multi-tasking strategy,76
Nice Assorted,231.82,Customer-focused interactive attitude,10
RUE21 Vanilla Spice Antibacterial Hand Sanitizer,290.96,Right-sized even-keeled alliance,75
Paser,364.81,Future-proofed disintermediate monitoring,81
Deep Bisque Foundation SPF 20,69.94,Implemented user-facing frame,16
Extralasting,107.83,Business-focused fault-tolerant data-warehouse,59
Carbon Dioxide-Oxygen Mixture,376.93,Cross-platform coherent intranet,49
Miracle Plus Diabetic Homeopathic,118.19,Synergized disintermediate extranet,72
Prempro,149.77,Reduced high-level access,7
Allegra Cooling Relief Anti-Itch,231.11,Centralized attitude-oriented protocol,70
CEIBA PENTANDRA FIBER,253.74,Secured cohesive collaboration,47
GUNA-IGF,398.37,Profound 24 hour productivity,1
Cyclobenzaprine Hydrochloride,125.43,Assimilated regional infrastructure,10
All Day Allergy,161.11,Realigned content-based core,31
Ponderosa Pine,200.84,Horizontal fresh-thinking installation,92
Savella,69.78,Assimilated bandwidth-monitored circuit,40
Nazal,278.37,Multi-channelled web-enabled analyzer,33
Alternaria alternata,299.67,Multi-lateral user-facing support,56
Childrens Allergy Relief,318.56,Open-source zero defect open system,47
Neutrogena Healthy Skin Enhancer,315.65,Devolved neutral collaboration,51
Virt-Vite,326.91,Face to face grid-enabled core,4
METFORMIN HYDROCHLORIDE,177.01,Balanced demand-driven contingency,84
Amitriptyline Hydrochloride,200.95,Open-architected real-time access,88
Omeprazole Magnesium,54.61,Switchable context-sensitive methodology,92
Orange Pollen,296.88,Business-focused client-server secured line,92
Oxycodone and Acetaminophen,230.96,Function-based client-server success,36
Softlips Intense Moisture Double Mint,99.5,Enhanced systematic core,34
NHS Flu Nausea,344.19,Configurable fault-tolerant circuit,77
Amazonian Clay BB Tinted Moisturizer Broad Spectrum SPF 20 Sunscreen,224.97,Self-enabling cohesive conglomeration,64
Promethazine with Codeine,338.57,Phased national forecast,66
SHISEIDO ADVANCED HYDRO-LIQUID COMPACT (REFILL),220.01,Total heuristic leverage,62
Constipation,388.22,Reverse-engineered foreground contingency,6
SUNSCREEN,146.89,Open-architected grid-enabled synergy,72
Tribenzor,349.54,Secured methodical archive,28
FENTANYL TRANSDERMAL SYSTEM,80.5,Cross-platform mobile application,30
lisinopril,140.55,Ergonomic homogeneous throughput,43
Lidocaine Hydrochloride,203.8,Optional well-modulated moderator,80
Multi-Symptom Wal-Phed PE Non-Drowsy,269.94,Upgradable responsive knowledge user,13
ZALEPLON,365.11,Persevering impactful circuit,40
Laxative Pills,267.68,Focused high-level synergy,33
Bronco Pulmonar Syrup,259.05,Cross-platform zero administration moratorium,70
Ropinirole Hydrochloride,359.87,Multi-layered national internet solution,57
Dr Young 2p Brightening UV Sun Block SPF50 PA,103.83,Re-contextualized system-worthy installation,46
Divalproex Sodium,72.36,Pre-emptive regional concept,10
Acne Treatment Sulfur Wash,102.64,Team-oriented intermediate challenge,43
ERAXIS,334.93,Balanced directional local area network,94
Carvedilol,192.97,Distributed 4th generation strategy,39
Family Dollar Celsius,213.0,Robust radical hierarchy,5
Pravastatin Sodium,103.72,Switchable homogeneous ability,89
Glipizide,114.48,Innovative high-level application,66
Justice Fruit Scent ANTI BAC HAND SANITIZER,134.38,Digitized bifurcated benchmark,5
Nizatidine,218.85,Synchronised intermediate Graphic Interface,14
Pravastatin Sodium,89.9,Sharable 6th generation challenge,58
PERJETA,299.36,Inverse cohesive complexity,33
Guanfacine,194.73,Virtual national policy,53
acetaminophen pm,272.64,Multi-layered zero administration concept,46
Sunmark Nicotine,287.88,Multi-tiered clear-thinking frame,25
Caduet,219.05,Integrated homogeneous complexity,9
Levemir,253.71,Open-source dedicated throughput,62
Danazol,107.2,Grass-roots reciprocal frame,31
SODIUM SULFACETAMIDE AND SULFUR,119.42,Vision-oriented systemic strategy,17
Tussin DM,329.7,Fundamental eco-centric conglomeration,38
Donepezil Hydrochloride,149.42,Devolved leading edge matrix,5
Lyrica,185.43,Team-oriented systemic monitoring,46
ENC,96.1,Inverse uniform infrastructure,97
Lamotrigine,274.92,Cross-group 4th generation projection,48
Ethambutol Hydrochloride,384.65,Balanced asynchronous infrastructure,77
Poly-Tussin AC,168.61,Virtual zero administration focus group,2
Lotrimin,272.99,Extended human-resource complexity,73
health mart loratadine,189.87,Ameliorated contextually-based frame,80
UROCIT-K,388.75,Compatible 3rd generation attitude,34
antacid,142.13,Organic asymmetric encryption,87
Quetiapine fumarate,71.14,Customizable maximized standardization,56
Crataegus Ferrum Saccharum Special Order,201.39,Pre-emptive discrete leverage,48
Nystatin,210.11,Universal zero tolerance instruction set,29
LOreal Paris Men Expert Vita Lift Daily Moisturizer Sunscreen Broad Spectrum SPF 15,218.4,Enterprise-wide actuating encoding,2
Nasal Decongestant,64.29,Programmable attitude-oriented frame,12
Leader Allergy Relief,258.54,Synchronised clear-thinking structure,38
LAMICTAL,242.23,Seamless static open system,64
SOLMATE,201.41,Realigned multi-state focus group,57
Klor Con M,73.27,Profound actuating hardware,80
Lescol,177.09,Total disintermediate secured line,34
Baclofen,246.12,Persistent radical moderator,1
Ery-Ped,210.91,Mandatory solution-oriented monitoring,70
Easydew EX Fresh Mild SunScreen,234.56,Polarised incremental support,91
Thymupar,62.41,Public-key executive middleware,39
Losartan Potassium and Hydrochlorothiazide,364.98,Monitored tertiary product,40
Avant Original Instant Hand Sanitizer,99.73,Innovative multi-tasking application,63
Oxybutynin Chloride,333.91,Extended mission-critical intranet,36
Fluphenazine Decanoate,80.68,Versatile eco-centric Graphic Interface,82
Lidocaine Hydrochloride,323.13,Public-key empowering functionalities,7
Bonogen Activator,172.77,Universal upward-trending core,68
Donepezil Hydrochloride,201.64,Implemented cohesive algorithm,46
Haran 40 (Number 78),56.85,Reverse-engineered heuristic database,21
Foaming Hand Wash,156.95,Streamlined exuding matrices,88
Folbic,279.55,Multi-lateral 4th generation contingency,63
THE SPF 18 FLUID TINT,203.13,Balanced non-volatile benchmark,52
Paroxetine,88.77,Down-sized next generation paradigm,51
Venlafaxine Hydrochloride,100.48,Optional impactful middleware,46
Licorice,321.87,Vision-oriented fault-tolerant model,55
simvastatin,102.29,Pre-emptive high-level artificial intelligence,2
Venofer,378.5,Progressive multi-state Graphical User Interface,50
JNH Dr. Intensive Plus UV Protector,139.0,Managed dynamic superstructure,58
UREA,93.01,Synchronised zero tolerance middleware,88
Timoptic-XE,159.98,Open-source zero tolerance budgetary management,35
Losartan Potassium,125.24,Stand-alone explicit portal,44
PHOSLYRA,119.54,Cross-platform solution-oriented matrices,8
Bac,253.68,User-friendly multimedia Graphical User Interface,31
Trazodone Hydrochloride,205.4,Managed needs-based emulation,67
Enviroforce,177.55,Advanced client-driven website,51
Ondansetron,334.81,Multi-channelled leading edge capacity,96
Ergocalciferol,194.86,Multi-tiered actuating throughput,41
tamsulosin hydrochloride,188.81,Innovative contextually-based functionalities,83
LYSOL Healthy Touch,177.22,Cloned intermediate paradigm,80
healthy accents tussin dm,374.21,Organic 4th generation website,59
Sunscreen Wipe,328.55,Organic explicit firmware,13
Almond,379.3,Ameliorated radical ability,74
Cultivated Rye,209.8,Focused human-resource functionalities,67
Lisinopril,157.95,Open-architected bifurcated functionalities,63
DEFEND Sinus,252.47,Adaptive discrete pricing structure,7
Furosemide,386.31,Profound dedicated functionalities,30
Preferred Plus Allergy Relief,354.47,Polarised neutral system engine,7
Ciprofloxacin Hydrochloride,238.26,Exclusive client-server solution,13
BENZTROPINE MESYLATE,317.18,Ameliorated next generation functionalities,65
AllerNaze,76.8,Realigned secondary attitude,19
RHODOTORULA RUBRA,123.74,Horizontal neutral ability,33
Secure,247.19,Robust interactive moratorium,50
TREAT AND TINT SKIN PERFECTING BB,227.39,Persistent analyzing product,100
Visicol,366.01,Inverse system-worthy alliance,88
Meloxicam,397.98,Programmable next generation installation,85
Neutrogena Men Age Fighter Moisturizer,280.15,Ameliorated web-enabled monitoring,4
Chateal,329.64,Public-key multi-tasking moderator,92
Megestrol Acetate,338.99,Reduced foreground flexibility,28
levalbuterol hydrochloride,394.41,Re-engineered optimal migration,76
Radish,256.63,Balanced dynamic intranet,86
Rynex,360.11,Centralized radical instruction set,19
CITALOPRAM,177.85,Fundamental impactful middleware,66
HGH Complex,166.38,Optimized radical hardware,45
Zanaflex,232.52,Implemented heuristic synergy,97
Heparin Sodium,313.61,Centralized radical open architecture,45
ropinirole,320.36,Object-based demand-driven open system,52
nifedipine,351.69,Quality-focused 6th generation knowledge base,79
Yummy Mummy Milk,275.89,Profit-focused foreground product,8
Medi First Plus Antacid,152.93,Diverse value-added throughput,61
"Food - Fish and Shellfish, Codfish Gadus callarias",363.84,User-centric actuating middleware,73
Soothe and Cool Free Skin Paste,105.62,Cloned background forecast,22
sotalol hydrochloride,54.92,Managed incremental knowledge user,90
SINGULAIR,376.15,Adaptive background intranet,79
Qualaquin,137.1,Customer-focused homogeneous toolset,16
Fluconazole,393.94,De-engineered interactive forecast,16
Olanzapine,359.29,Inverse empowering standardization,88
Olay Complete All Day,366.06,Organized impactful strategy,81
Good Neighbor Pharmacy Sleep Aid,313.97,Quality-focused homogeneous pricing structure,20
IOPE SUPER VITAL EXTRA MOIST B.B,343.28,Horizontal logistical hardware,24
Istalol,202.38,Innovative local software,96
Castor Oil,128.39,Phased neutral process improvement,75
Aclovate,347.85,Cross-platform 5th generation middleware,80
Phineas and Ferb Sun Smacker SPF 24 Vanilla Vacation,323.17,Persevering radical analyzer,83
NV-HP,62.55,Persevering global synergy,34
Sore Throat Cherry,155.25,Automated hybrid hub,72
BuPROPion Hydrochloride,137.8,Persistent intermediate challenge,60
Eye Itch Relief,152.89,Implemented neutral emulation,43
PANROSA Green Apple Scented Hand,242.94,Cross-group user-facing matrices,21
ChapStick Active Sport Ready,92.8,User-friendly client-server instruction set,71
INSTANT HAND SANITIZER,103.49,Centralized eco-centric utilisation,31
Game Day MSC Mainstreet Collection Hand Sanitizer,161.37,Profound transitional task-force,1
Gabapentin,377.89,Proactive hybrid hub,91
FRAXINUS AMERICANA POLLEN,242.71,Re-engineered zero tolerance standardization,26
temazepam,326.19,Re-engineered client-server middleware,67
Attention and Learning Enhancement,200.5,Streamlined systemic implementation,7
Naproxen,57.47,Reduced foreground system engine,14
Helium Oxygen Nitrogen mixture,391.3,Front-line executive initiative,34
LISINOPRIL,251.15,Virtual contextually-based contingency,46
Rhus Tox Kit Refill,389.07,Reactive directional intranet,89
Cephalexin,344.24,Reactive 6th generation benchmark,68
Soft Care Foaming Instant Hand Sanitizer,315.62,Reactive user-facing local area network,72
Amitriptyline Hydrochloride,278.82,Compatible system-worthy architecture,93
Leader SleepTime,370.69,Fundamental radical migration,42
Estradiol,104.79,Balanced tertiary database,26
Acetaminophen And Codeine,235.56,Reactive interactive budgetary management,94
Antibacterial Moist Wipe,147.82,Secured bottom-line functionalities,54
HGH Plus,368.93,Cross-group maximized project,4
Magnesium Citrate,156.82,De-engineered mobile adapter,38
Androgel,126.45,Balanced scalable solution,77
Advance White Extreme Whitening,386.77,Programmable 3rd generation throughput,16
VITALUMIERE AQUA,209.22,Total intangible encryption,45
